[{"fields": {"model": "link", "app_label": "menus"}, "model": "contenttypes.contenttype", "pk": 1}, {"fields": {"model": "user", "app_label": "core"}, "model": "contenttypes.contenttype", "pk": 2}, {"fields": {"model": "notification", "app_label": "notifications"}, "model": "contenttypes.contenttype", "pk": 3}, {"fields": {"model": "plugget", "app_label": "pluggets"}, "model": "contenttypes.contenttype", "pk": 4}, {"fields": {"model": "permission", "app_label": "auth"}, "model": "contenttypes.contenttype", "pk": 5}, {"fields": {"model": "group", "app_label": "auth"}, "model": "contenttypes.contenttype", "pk": 6}, {"fields": {"model": "contenttype", "app_label": "contenttypes"}, "model": "contenttypes.contenttype", "pk": 7}, {"fields": {"model": "session", "app_label": "sessions"}, "model": "contenttypes.contenttype", "pk": 8}, {"fields": {"model": "site", "app_label": "sites"}, "model": "contenttypes.contenttype", "pk": 9}, {"fields": {"model": "logentry", "app_label": "admin"}, "model": "contenttypes.contenttype", "pk": 10}, {"fields": {"model": "redirect", "app_label": "redirects"}, "model": "contenttypes.contenttype", "pk": 11}, {"fields": {"model": "objectpermission", "app_label": "core"}, "model": "contenttypes.contenttype", "pk": 12}, {"fields": {"model": "group", "app_label": "core"}, "model": "contenttypes.contenttype", "pk": 13}, {"fields": {"model": "permission", "app_label": "core"}, "model": "contenttypes.contenttype", "pk": 14}, {"fields": {"model": "menu", "app_label": "menus"}, "model": "contenttypes.contenttype", "pk": 15}, {"fields": {"model": "bookmark", "app_label": "menus"}, "model": "contenttypes.contenttype", "pk": 16}, {"fields": {"model": "followrelation", "app_label": "notifications"}, "model": "contenttypes.contenttype", "pk": 17}, {"fields": {"model": "signature", "app_label": "notifications"}, "model": "contenttypes.contenttype", "pk": 18}, {"fields": {"model": "subscription", "app_label": "notifications"}, "model": "contenttypes.contenttype", "pk": 19}, {"fields": {"model": "activity", "app_label": "notifications"}, "model": "contenttypes.contenttype", "pk": 20}, {"fields": {"model": "region", "app_label": "pluggets"}, "model": "contenttypes.contenttype", "pk": 21}, {"fields": {"expire_date": "2015-12-06T08:05:39.848Z", "session_data": "ZDJmZGUxOGY3MzYyZmRmNTI5Zjg3YjFlMTdhNDYwMWIyYWEzMmZlNzp7Il9hdXRoX3VzZXJfaGFzaCI6ImE5ZDg4NTRjNjUzNWQyYzQxODIxYmEyZTgwZmIyYTE5ZjU0YTdhZGMiLCJfYXV0aF91c2VyX2JhY2tlbmQiOiJkamFuZ29lcnAuY29yZS5iYWNrZW5kcy5Nb2RlbEJhY2tlbmQiLCJfYXV0aF91c2VyX2lkIjoiMSIsIndpemFyZF9wbHVnZ2V0X3dpemFyZCI6eyJzdGVwX2ZpbGVzIjp7fSwic3RlcCI6IjAiLCJleHRyYV9kYXRhIjp7fSwic3RlcF9kYXRhIjp7fX19"}, "model": "sessions.session", "pk": "ajw7x2t4u0m7a3p47343hnpvl9ugl0dw"}, {"fields": {"expire_date": "2015-12-06T08:05:58.599Z", "session_data": "ZmU1MjRhMzRhZDdiYWE3OTRjNjBhOTZiODcwNWJmNTU4ZTdmMjRlZTp7Il9hdXRoX3VzZXJfaGFzaCI6ImE5ZDg4NTRjNjUzNWQyYzQxODIxYmEyZTgwZmIyYTE5ZjU0YTdhZGMiLCJfYXV0aF91c2VyX2lkIjoiMSIsIl9hdXRoX3VzZXJfYmFja2VuZCI6ImRqYW5nb2VycC5jb3JlLmJhY2tlbmRzLk1vZGVsQmFja2VuZCIsIndpemFyZF9wbHVnZ2V0X3dpemFyZCI6eyJzdGVwX2ZpbGVzIjp7fSwic3RlcCI6IjAiLCJleHRyYV9kYXRhIjp7fSwic3RlcF9kYXRhIjp7fX19"}, "model": "sessions.session", "pk": "w3yu9jrg8qdplonaipiisovv6apypbma"}, {"fields": {"domain": "example.com", "name": "example.com"}, "model": "sites.site", "pk": 1}, {"fields": {"template_name": "menus/partials/menu_sidebar.html", "slug": "main", "description": "Main menu"}, "model": "menus.menu", "pk": 1}, {"fields": {"template_name": "", "slug": "user_area_not_logged", "description": "User area for anonymous users"}, "model": "menus.menu", "pk": 2}, {"fields": {"template_name": "", "slug": "user_area_logged", "description": "User area for logged users"}, "model": "menus.menu", "pk": 3}, {"fields": {"template_name": "", "slug": "user_detail_actions", "description": "User actions"}, "model": "menus.menu", "pk": 4}, {"fields": {"template_name": "", "slug": "user_detail_navigation", "description": "User navigation"}, "model": "menus.menu", "pk": 5}, {"fields": {"template_name": "", "slug": "user_1_bookmarks", "description": "Bookmarks for User:1"}, "model": "menus.menu", "pk": 6}, {"fields": {"template_name": "", "slug": "caputo", "description": "caputo"}, "model": "menus.menu", "pk": 7}, {"fields": {"template_name": "", "slug": "user_2_bookmarks", "description": "Bookmarks for User:2"}, "model": "menus.menu", "pk": 8}, {"fields": {"follower_id": 1, "followed_content_type": 2, "follower_content_type": 2, "followed_id": 1}, "model": "notifications.followrelation", "pk": 1}, {"fields": {"follower_id": 2, "followed_content_type": 2, "follower_content_type": 2, "followed_id": 2}, "model": "notifications.followrelation", "pk": 2}, {"fields": {"template": "", "created": "2015-11-20T21:51:38.938Z", "title": "active", "context": "", "signature": "asdf", "source_id": 1, "source_content_type": 20, "backlink": ""}, "model": "notifications.activity", "pk": 1}, {"fields": {"object_id": null, "slug": "footer", "content_type": null, "title": "Footer"}, "model": "pluggets.region", "pk": 1}, {"fields": {"object_id": null, "slug": "sidebar", "content_type": null, "title": "Sidebar"}, "model": "pluggets.region", "pk": 2}, {"fields": {"object_id": 1, "slug": "user_1_dashboard", "content_type": 2, "title": "My dashboard"}, "model": "pluggets.region", "pk": 3}, {"fields": {"object_id": 2, "slug": "user_2_dashboard", "content_type": 2, "title": "My dashboard"}, "model": "pluggets.region", "pk": 4}, {"fields": {"description": null, "title": "Main menu", "template_name": "pluggets/partials/menu.html", "region": 2, "source": "djangoerp.pluggets.pluggets.menu", "sort_order": 0, "context": "{\"name\": \"main\"}"}, "model": "pluggets.plugget", "pk": 1}, {"fields": {"description": "Shows a classic \"Powered by mobs.io\" claim.", "title": "Powered by", "template_name": "pluggets/partials/powered-by.html", "region": 1, "source": "djangoerp.pluggets.pluggets.text", "sort_order": 0, "context": "{\"name\": \"mobb.io\", \"url\": \"https://github.com/mobb.io\"}"}, "model": "pluggets.plugget", "pk": 2}, {"fields": {"description": "Simply renders a text paragraph.", "title": "asdf", "template_name": "", "region": 3, "source": "Text plugget", "sort_order": 0, "context": "{\"text\": \"asdfasdf\"}"}, "model": "pluggets.plugget", "pk": 4}, {"fields": {"codename": "view_link", "name": "Can view link", "content_type": 1}, "model": "auth.permission", "pk": 1}, {"fields": {"codename": "add_link", "name": "Can add link", "content_type": 1}, "model": "auth.permission", "pk": 2}, {"fields": {"codename": "view_user", "name": "Can view user", "content_type": 2}, "model": "auth.permission", "pk": 3}, {"fields": {"codename": "change_user", "name": "Can change user", "content_type": 2}, "model": "auth.permission", "pk": 4}, {"fields": {"codename": "delete_user", "name": "Can delete user", "content_type": 2}, "model": "auth.permission", "pk": 5}, {"fields": {"codename": "view_notification", "name": "Can view notification", "content_type": 3}, "model": "auth.permission", "pk": 6}, {"fields": {"codename": "view_plugget", "name": "Can view plugget", "content_type": 4}, "model": "auth.permission", "pk": 7}, {"fields": {"codename": "add_plugget", "name": "Can add plugget", "content_type": 4}, "model": "auth.permission", "pk": 8}, {"fields": {"codename": "view_permission", "name": "Can view permission", "content_type": 5}, "model": "auth.permission", "pk": 9}, {"fields": {"codename": "view_group", "name": "Can view group", "content_type": 6}, "model": "auth.permission", "pk": 10}, {"fields": {"codename": "add_permission", "name": "Can add permission", "content_type": 5}, "model": "auth.permission", "pk": 11}, {"fields": {"codename": "change_permission", "name": "Can change permission", "content_type": 5}, "model": "auth.permission", "pk": 12}, {"fields": {"codename": "delete_permission", "name": "Can delete permission", "content_type": 5}, "model": "auth.permission", "pk": 13}, {"fields": {"codename": "add_group", "name": "Can add group", "content_type": 6}, "model": "auth.permission", "pk": 14}, {"fields": {"codename": "change_group", "name": "Can change group", "content_type": 6}, "model": "auth.permission", "pk": 15}, {"fields": {"codename": "delete_group", "name": "Can delete group", "content_type": 6}, "model": "auth.permission", "pk": 16}, {"fields": {"codename": "view_contenttype", "name": "Can view content type", "content_type": 7}, "model": "auth.permission", "pk": 17}, {"fields": {"codename": "add_contenttype", "name": "Can add content type", "content_type": 7}, "model": "auth.permission", "pk": 18}, {"fields": {"codename": "change_contenttype", "name": "Can change content type", "content_type": 7}, "model": "auth.permission", "pk": 19}, {"fields": {"codename": "delete_contenttype", "name": "Can delete content type", "content_type": 7}, "model": "auth.permission", "pk": 20}, {"fields": {"codename": "view_session", "name": "Can view session", "content_type": 8}, "model": "auth.permission", "pk": 21}, {"fields": {"codename": "add_session", "name": "Can add session", "content_type": 8}, "model": "auth.permission", "pk": 22}, {"fields": {"codename": "change_session", "name": "Can change session", "content_type": 8}, "model": "auth.permission", "pk": 23}, {"fields": {"codename": "delete_session", "name": "Can delete session", "content_type": 8}, "model": "auth.permission", "pk": 24}, {"fields": {"codename": "view_site", "name": "Can view site", "content_type": 9}, "model": "auth.permission", "pk": 25}, {"fields": {"codename": "add_site", "name": "Can add site", "content_type": 9}, "model": "auth.permission", "pk": 26}, {"fields": {"codename": "change_site", "name": "Can change site", "content_type": 9}, "model": "auth.permission", "pk": 27}, {"fields": {"codename": "delete_site", "name": "Can delete site", "content_type": 9}, "model": "auth.permission", "pk": 28}, {"fields": {"codename": "view_logentry", "name": "Can view log entry", "content_type": 10}, "model": "auth.permission", "pk": 29}, {"fields": {"codename": "add_logentry", "name": "Can add log entry", "content_type": 10}, "model": "auth.permission", "pk": 30}, {"fields": {"codename": "change_logentry", "name": "Can change log entry", "content_type": 10}, "model": "auth.permission", "pk": 31}, {"fields": {"codename": "delete_logentry", "name": "Can delete log entry", "content_type": 10}, "model": "auth.permission", "pk": 32}, {"fields": {"codename": "view_redirect", "name": "Can view redirect", "content_type": 11}, "model": "auth.permission", "pk": 33}, {"fields": {"codename": "add_redirect", "name": "Can add redirect", "content_type": 11}, "model": "auth.permission", "pk": 34}, {"fields": {"codename": "change_redirect", "name": "Can change redirect", "content_type": 11}, "model": "auth.permission", "pk": 35}, {"fields": {"codename": "delete_redirect", "name": "Can delete redirect", "content_type": 11}, "model": "auth.permission", "pk": 36}, {"fields": {"codename": "view_objectpermission", "name": "Can view object permission", "content_type": 12}, "model": "auth.permission", "pk": 37}, {"fields": {"codename": "add_user", "name": "Can add user", "content_type": 2}, "model": "auth.permission", "pk": 38}, {"fields": {"codename": "add_objectpermission", "name": "Can add object permission", "content_type": 12}, "model": "auth.permission", "pk": 39}, {"fields": {"codename": "change_objectpermission", "name": "Can change object permission", "content_type": 12}, "model": "auth.permission", "pk": 40}, {"fields": {"codename": "delete_objectpermission", "name": "Can delete object permission", "content_type": 12}, "model": "auth.permission", "pk": 41}, {"fields": {"codename": "view_menu", "name": "Can view menu", "content_type": 15}, "model": "auth.permission", "pk": 42}, {"fields": {"codename": "add_menu", "name": "Can add menu", "content_type": 15}, "model": "auth.permission", "pk": 43}, {"fields": {"codename": "change_menu", "name": "Can change menu", "content_type": 15}, "model": "auth.permission", "pk": 44}, {"fields": {"codename": "delete_menu", "name": "Can delete menu", "content_type": 15}, "model": "auth.permission", "pk": 45}, {"fields": {"codename": "change_link", "name": "Can change link", "content_type": 1}, "model": "auth.permission", "pk": 46}, {"fields": {"codename": "delete_link", "name": "Can delete link", "content_type": 1}, "model": "auth.permission", "pk": 47}, {"fields": {"codename": "add_bookmark", "name": "Can add bookmark", "content_type": 1}, "model": "auth.permission", "pk": 48}, {"fields": {"codename": "change_bookmark", "name": "Can change bookmark", "content_type": 1}, "model": "auth.permission", "pk": 49}, {"fields": {"codename": "delete_bookmark", "name": "Can delete bookmark", "content_type": 1}, "model": "auth.permission", "pk": 50}, {"fields": {"codename": "view_followrelation", "name": "Can view follow relation", "content_type": 17}, "model": "auth.permission", "pk": 51}, {"fields": {"codename": "view_signature", "name": "Can view signature", "content_type": 18}, "model": "auth.permission", "pk": 52}, {"fields": {"codename": "view_subscription", "name": "Can view subscription", "content_type": 19}, "model": "auth.permission", "pk": 53}, {"fields": {"codename": "view_activity", "name": "Can view activity", "content_type": 20}, "model": "auth.permission", "pk": 54}, {"fields": {"codename": "add_followrelation", "name": "Can add follow relation", "content_type": 17}, "model": "auth.permission", "pk": 55}, {"fields": {"codename": "change_followrelation", "name": "Can change follow relation", "content_type": 17}, "model": "auth.permission", "pk": 56}, {"fields": {"codename": "delete_followrelation", "name": "Can delete follow relation", "content_type": 17}, "model": "auth.permission", "pk": 57}, {"fields": {"codename": "add_signature", "name": "Can add signature", "content_type": 18}, "model": "auth.permission", "pk": 58}, {"fields": {"codename": "change_signature", "name": "Can change signature", "content_type": 18}, "model": "auth.permission", "pk": 59}, {"fields": {"codename": "delete_signature", "name": "Can delete signature", "content_type": 18}, "model": "auth.permission", "pk": 60}, {"fields": {"codename": "add_subscription", "name": "Can add subscription", "content_type": 19}, "model": "auth.permission", "pk": 61}, {"fields": {"codename": "change_subscription", "name": "Can change subscription", "content_type": 19}, "model": "auth.permission", "pk": 62}, {"fields": {"codename": "delete_subscription", "name": "Can delete subscription", "content_type": 19}, "model": "auth.permission", "pk": 63}, {"fields": {"codename": "add_activity", "name": "Can add activity", "content_type": 20}, "model": "auth.permission", "pk": 64}, {"fields": {"codename": "change_activity", "name": "Can change activity", "content_type": 20}, "model": "auth.permission", "pk": 65}, {"fields": {"codename": "delete_activity", "name": "Can delete activity", "content_type": 20}, "model": "auth.permission", "pk": 66}, {"fields": {"codename": "add_notification", "name": "Can add notification", "content_type": 3}, "model": "auth.permission", "pk": 67}, {"fields": {"codename": "change_notification", "name": "Can change notification", "content_type": 3}, "model": "auth.permission", "pk": 68}, {"fields": {"codename": "delete_notification", "name": "Can delete notification", "content_type": 3}, "model": "auth.permission", "pk": 69}, {"fields": {"codename": "view_region", "name": "Can view region", "content_type": 21}, "model": "auth.permission", "pk": 70}, {"fields": {"codename": "add_region", "name": "Can add region", "content_type": 21}, "model": "auth.permission", "pk": 71}, {"fields": {"codename": "change_region", "name": "Can change region", "content_type": 21}, "model": "auth.permission", "pk": 72}, {"fields": {"codename": "delete_region", "name": "Can delete region", "content_type": 21}, "model": "auth.permission", "pk": 73}, {"fields": {"codename": "change_plugget", "name": "Can change plugget", "content_type": 4}, "model": "auth.permission", "pk": 74}, {"fields": {"codename": "delete_plugget", "name": "Can delete plugget", "content_type": 4}, "model": "auth.permission", "pk": 75}, {"fields": {"name": "users", "permissions": [2, 6, 8]}, "model": "auth.group", "pk": 1}, {"fields": {"username": "admin", "language": "pt-br", "is_active": true, "is_superuser": true, "is_staff": true, "last_login": "2015-11-22T08:05:58.361Z", "groups": [1], "user_permissions": [], "timezone": "America/Sao_Paulo", "password": "pbkdf2_sha256$20000$To36s5nTYTvD$qG8u8NnYQaU+NvCKjmuj6qII5NrWLr0FDmL6nQny8ac=", "email": "caputo.marcos@gmail.com", "date_joined": "2015-11-20T21:36:06.159Z"}, "model": "core.user", "pk": 1}, {"fields": {"username": "igor", "language": "pt-br", "is_active": true, "is_superuser": false, "is_staff": false, "last_login": "2015-11-20T23:05:51.335Z", "groups": [1], "user_permissions": [], "timezone": "America/Sao_Paulo", "password": "pbkdf2_sha256$20000$ZbIBJgUJOv40$M/jffY2Oj6YEfxYpO/2bkFpAtz0jctAX0PTl1sZJ4Ag=", "email": "igor.caputo@gmail.com", "date_joined": "2015-11-20T23:04:56Z"}, "model": "core.user", "pk": 2}, {"fields": {"groups": [], "perm": 3, "object_id": 1, "users": [1]}, "model": "core.objectpermission", "pk": 1}, {"fields": {"groups": [], "perm": 4, "object_id": 1, "users": [1]}, "model": "core.objectpermission", "pk": 2}, {"fields": {"groups": [], "perm": 5, "object_id": 1, "users": [1]}, "model": "core.objectpermission", "pk": 3}, {"fields": {"groups": [], "perm": 42, "object_id": 6, "users": [1]}, "model": "core.objectpermission", "pk": 4}, {"fields": {"groups": [], "perm": 44, "object_id": 6, "users": [1]}, "model": "core.objectpermission", "pk": 5}, {"fields": {"groups": [], "perm": 45, "object_id": 6, "users": [1]}, "model": "core.objectpermission", "pk": 6}, {"fields": {"groups": [], "perm": 70, "object_id": 3, "users": [1]}, "model": "core.objectpermission", "pk": 7}, {"fields": {"groups": [], "perm": 72, "object_id": 3, "users": [1]}, "model": "core.objectpermission", "pk": 8}, {"fields": {"groups": [], "perm": 73, "object_id": 3, "users": [1]}, "model": "core.objectpermission", "pk": 9}, {"fields": {"groups": [], "perm": 7, "object_id": 3, "users": [1]}, "model": "core.objectpermission", "pk": 10}, {"fields": {"groups": [], "perm": 74, "object_id": 3, "users": [1]}, "model": "core.objectpermission", "pk": 11}, {"fields": {"groups": [], "perm": 75, "object_id": 3, "users": [1]}, "model": "core.objectpermission", "pk": 12}, {"fields": {"groups": [], "perm": 7, "object_id": 4, "users": [1]}, "model": "core.objectpermission", "pk": 13}, {"fields": {"groups": [], "perm": 74, "object_id": 4, "users": [1]}, "model": "core.objectpermission", "pk": 14}, {"fields": {"groups": [], "perm": 75, "object_id": 4, "users": [1]}, "model": "core.objectpermission", "pk": 15}, {"fields": {"groups": [], "perm": 42, "object_id": 7, "users": [1]}, "model": "core.objectpermission", "pk": 16}, {"fields": {"groups": [], "perm": 44, "object_id": 7, "users": [1]}, "model": "core.objectpermission", "pk": 17}, {"fields": {"groups": [], "perm": 45, "object_id": 7, "users": [1]}, "model": "core.objectpermission", "pk": 18}, {"fields": {"groups": [], "perm": 3, "object_id": 2, "users": [2]}, "model": "core.objectpermission", "pk": 19}, {"fields": {"groups": [], "perm": 4, "object_id": 2, "users": [2]}, "model": "core.objectpermission", "pk": 20}, {"fields": {"groups": [], "perm": 5, "object_id": 2, "users": [2]}, "model": "core.objectpermission", "pk": 21}, {"fields": {"groups": [], "perm": 42, "object_id": 8, "users": [2]}, "model": "core.objectpermission", "pk": 22}, {"fields": {"groups": [], "perm": 44, "object_id": 8, "users": [2]}, "model": "core.objectpermission", "pk": 23}, {"fields": {"groups": [], "perm": 45, "object_id": 8, "users": [2]}, "model": "core.objectpermission", "pk": 24}, {"fields": {"groups": [], "perm": 70, "object_id": 4, "users": [2]}, "model": "core.objectpermission", "pk": 25}, {"fields": {"groups": [], "perm": 72, "object_id": 4, "users": [2]}, "model": "core.objectpermission", "pk": 26}, {"fields": {"groups": [], "perm": 73, "object_id": 4, "users": [2]}, "model": "core.objectpermission", "pk": 27}, {"fields": {"submenu": null, "description": "Go back to your dashboard", "title": "My dashboard", "url": "/", "menu": 1, "only_with_perms": [], "new_window": false, "context": null, "template_name": "", "only_authenticated": true, "only_staff": false, "sort_order": 0, "slug": "my-dashboard", "icon": "dashboard"}, "model": "menus.link", "pk": 1}, {"fields": {"submenu": null, "description": "Administration panel", "title": "Administration", "url": "/admin/", "menu": 1, "only_with_perms": [], "new_window": false, "context": null, "template_name": "", "only_authenticated": true, "only_staff": true, "sort_order": 0, "slug": "administration", "icon": "wrench"}, "model": "menus.link", "pk": 2}, {"fields": {"submenu": null, "description": "Login", "title": "Login", "url": "/users/login/", "menu": 2, "only_with_perms": [], "new_window": false, "context": null, "template_name": "", "only_authenticated": false, "only_staff": false, "sort_order": 0, "slug": "login", "icon": "sign in"}, "model": "menus.link", "pk": 3}, {"fields": {"submenu": null, "description": "View", "title": "View", "url": "user_detail", "menu": 4, "only_with_perms": [3], "new_window": false, "context": "{\"pk\": \"object.pk\"}", "template_name": "", "only_authenticated": true, "only_staff": false, "sort_order": 0, "slug": "user-detail", "icon": "eye"}, "model": "menus.link", "pk": 4}, {"fields": {"submenu": null, "description": "Edit", "title": "Edit", "url": "user_edit", "menu": 4, "only_with_perms": [4], "new_window": false, "context": "{\"pk\": \"object.pk\"}", "template_name": "", "only_authenticated": true, "only_staff": false, "sort_order": 0, "slug": "user-edit", "icon": "pencil"}, "model": "menus.link", "pk": 5}, {"fields": {"submenu": null, "description": "Delete", "title": "Delete", "url": "user_delete", "menu": 4, "only_with_perms": [5], "new_window": false, "context": "{\"pk\": \"object.pk\"}", "template_name": "", "only_authenticated": true, "only_staff": false, "sort_order": 0, "slug": "user-delete", "icon": "trash"}, "model": "menus.link", "pk": 6}, {"fields": {"action_flag": 2, "action_time": "2015-11-20T21:40:31.689Z", "object_repr": "Footer | Powered by", "object_id": "2", "change_message": "Changed description and context.", "user": 1, "content_type": 4}, "model": "admin.logentry", "pk": 1}, {"fields": {"action_flag": 2, "action_time": "2015-11-20T21:50:57.188Z", "object_repr": "User area for logged users", "object_id": "3", "change_message": "No fields changed.", "user": 1, "content_type": 15}, "model": "admin.logentry", "pk": 2}, {"fields": {"action_flag": 1, "action_time": "2015-11-20T21:51:00.575Z", "object_repr": "caputo", "object_id": "7", "change_message": "", "user": 1, "content_type": 15}, "model": "admin.logentry", "pk": 3}, {"fields": {"action_flag": 1, "action_time": "2015-11-20T21:51:38.939Z", "object_repr": "active", "object_id": "1", "change_message": "", "user": 1, "content_type": 20}, "model": "admin.logentry", "pk": 4}, {"fields": {"action_flag": 1, "action_time": "2015-11-20T23:04:56.644Z", "object_repr": "igor", "object_id": "2", "change_message": "", "user": 1, "content_type": 2}, "model": "admin.logentry", "pk": 5}, {"fields": {"action_flag": 2, "action_time": "2015-11-20T23:05:39.032Z", "object_repr": "igor", "object_id": "2", "change_message": "Modificado email, language e timezone.", "user": 1, "content_type": 2}, "model": "admin.logentry", "pk": 6}]